district,district_lat,district_lon
Печерський,50.44582665,30.53806236407185
Дарницький,50.429108,30.6424672
Шевченківський,50.467421,30.463848
Голосіївський,50.3844014,30.4870545
Дніпровський,50.45182665,30.611397100290525
Солом'янський,50.4398558,30.4886551
Оболонський,50.5079205,30.520662466796946
Святошинський,50.459437050000005,30.331931174544472
Деснянський,50.4752831,30.6816924
Подільський,50.475,30.51265
